{
    "module.features.0.0": {
        "baseline": {
            "bitwidth": 8,
            "resources": [
                0,
                0
            ],
            "bitwise_mean": [
                0.99748,
                0.86916,
                0.66386,
                0.66318,
                0.72518,
                0.71362,
                0.70004,
                0.66844
            ],
            "bitwise_variance": [
                0.0025136495999996404,
                0.11372089439997919,
                0.22314990040012073,
                0.22337228759988514,
                0.19929396760014076,
                0.20436649559981393,
                0.20998399839999868,
                0.2216279663999291
            ],
            "total_transitions": 137185.0,
            "total_transitions_per_line": [
                252.0,
                13028.0,
                21450.0,
                24544.0,
                18946.0,
                17346.0,
                19568.0,
                22051.0
            ],
            "total_samples": 50000,
            "average_sa": 0.34296935938718776,
            "average_sa_per_line": [
                0.00504010080201604,
                0.2605652113042261,
                0.4290085801716034,
                0.49088981779635593,
                0.37892757855157105,
                0.34692693853877077,
                0.3913678273565471,
                0.4410288205764115
            ]
        },
        "bi": {
            "bitwidth": 9,
            "resources": [
                0,
                0
            ],
            "bitwise_mean": [
                0.68818,
                0.64158,
                0.5958,
                0.58068,
                0.59432,
                0.61328,
                0.62818,
                0.54966
            ],
            "bitwise_variance": [
                0.21458828759982632,
                0.22995510359991175,
                0.24082235999983276,
                0.24349073759995896,
                0.2411037375998234,
                0.237167641600019,
                0.2335698876001804,
                0.24753388439978596
            ],
            "total_transitions": 120113.0,
            "total_transitions_per_line": [
                9462.0,
                12230.0,
                18880.0,
                20386.0,
                13354.0,
                11888.0,
                15800.0,
                18113.0
            ],
            "total_samples": 50000,
            "average_sa": 0.3002885057701154,
            "average_sa_per_line": [
                0.1892437848756975,
                0.24460489209784195,
                0.377607552151043,
                0.40772815456309125,
                0.2670853417068341,
                0.2377647552951059,
                0.3160063201264025,
                0.3622672453449069
            ]
        },
        "dsam": {
            "bitwidth": 8,
            "resources": [
                256,
                0
            ],
            "bitwise_mean": [
                0.50314,
                0.99968,
                0.78588,
                0.6065,
                0.4044,
                0.5514,
                0.47922,
                0.49776
            ],
            "bitwise_variance": [
                0.24999014040008216,
                0.00031989759999999996,
                0.1682726256001486,
                0.238657749999955,
                0.24086064000008972,
                0.24735803999992456,
                0.24956819160014415,
                0.24999498240016138
            ],
            "total_transitions": 17257.0,
            "total_transitions_per_line": [
                5365.0,
                26.0,
                71.0,
                133.0,
                241.0,
                556.0,
                2216.0,
                8649.0
            ],
            "total_samples": 50000,
            "average_sa": 0.04314336286725735,
            "average_sa_per_line": [
                0.10730214604292086,
                0.0005200104002080041,
                0.0014200284005680113,
                0.0026600532010640212,
                0.004820096401928039,
                0.011120222404448089,
                0.044320886417728356,
                0.17298345966919337
            ]
        },
        "dsam_rle": {
            "bitwidth": 8,
            "resources": [
                256,
                0
            ],
            "bitwise_mean": [
                0.50314993700126,
                0.999660006799864,
                0.7858642827143457,
                0.6064878702425951,
                0.40439191216175674,
                0.5513889722205556,
                0.47921041579168416,
                0.497770044599108
            ],
            "bitwise_variance": [
                0.24999007789689975,
                0.0003398776047598585,
                0.1682816118680384,
                0.23866033349095425,
                0.24085909353986773,
                0.24735917353397818,
                0.24956779318848335,
                0.2499950272989679
            ],
            "total_transitions": 17257.0,
            "total_transitions_per_line": [
                5365.0,
                26.0,
                71.0,
                133.0,
                241.0,
                556.0,
                2216.0,
                8649.0
            ],
            "total_samples": 50001,
            "average_sa": 0.0431425,
            "average_sa_per_line": [
                0.1073,
                0.00052,
                0.00142,
                0.00266,
                0.00482,
                0.01112,
                0.04432,
                0.17298
            ]
        },
        "dsam_bi": {
            "bitwidth": 9,
            "resources": [
                256,
                0
            ],
            "bitwise_mean": [
                0.4989,
                0.85456,
                0.64192,
                0.60586,
                0.54636,
                0.57124,
                0.4831,
                0.50024
            ],
            "bitwise_variance": [
                0.24999879000008873,
                0.12428720639992347,
                0.22985871360006216,
                0.23879366039989638,
                0.24785075039987758,
                0.24492486240007347,
                0.24971438999998016,
                0.24999994240005496
            ],
            "total_transitions": 17091.0,
            "total_transitions_per_line": [
                5317.0,
                32.0,
                79.0,
                111.0,
                219.0,
                538.0,
                2182.0,
                8613.0
            ],
            "total_samples": 50000,
            "average_sa": 0.04272835456709134,
            "average_sa_per_line": [
                0.10634212684253685,
                0.0006400128002560051,
                0.0015800316006320126,
                0.0022200444008880177,
                0.004380087601752035,
                0.010760215204304086,
                0.04364087281745635,
                0.17226344526890539
            ]
        },
        "apbm": {
            "bitwidth": 8,
            "resources": [
                2048,
                0
            ],
            "bitwise_mean": [
                0.5,
                0.50534,
                0.49938,
                0.49938,
                0.50242,
                0.5008,
                0.49972,
                0.50016
            ],
            "bitwise_variance": [
                0.25,
                0.24997148439998249,
                0.24999961560014392,
                0.24999961560014383,
                0.24999414360003572,
                0.2499993600001686,
                0.24999992160003479,
                0.24999997440015903
            ],
            "total_transitions": 300041.0,