{
    "features.module.0": {
        "baseline": {
            "total_transitions": 3864506.0,
            "total_samples": 3097600,
            "average_sa": 0.15594763880024495,
            "variance_sa": 0.02931410199361752
        },
        "bi": {
            "total_transitions": 3803973.0,
            "total_samples": 3097600,
            "average_sa": 0.15350490008551784,
            "variance_sa": 0.027321932636656335
        },
        "def": {
            "total_transitions": 3230594.0,
            "total_samples": 3097600,
            "average_sa": 0.130366858331243,
            "variance_sa": 0.03025998360650603
        },
        "apbm": {
            "total_transitions": 2289450.0,
            "total_samples": 3097600,
            "average_sa": 0.09238808832260083,
            "variance_sa": 0.022152675394306254
        },
        "abe": {
            "total_transitions": 4884369.0,
            "total_samples": 3484800,
            "average_sa": 0.17520268026936417,
            "variance_sa": 0.03016405446825648
        },
        "awr": {
            "total_transitions": 4982853.0,
            "total_samples": 3097600,
            "average_sa": 0.20107722949290724,
            "variance_sa": 0.049859114623518816
        }
    },
    "features.module.2": {
        "baseline": {
            "total_transitions": 1666238.0,
            "total_samples": 746496,
            "average_sa": 0.27901024119384593,
            "variance_sa": 0.032256166105206416
        },
        "bi": {
            "total_transitions": 1604795.0,
            "total_samples": 746496,
            "average_sa": 0.26872165922075836,
            "variance_sa": 0.026316895942173617
        },
        "def": {
            "total_transitions": 1099650.0,
            "total_samples": 746496,
            "average_sa": 0.18413552669475347,
            "variance_sa": 0.035969324655576104
        },
        "apbm": {
            "total_transitions": 1294054.0,
            "total_samples": 746496,
            "average_sa": 0.21668832343150324,
            "variance_sa": 0.03217387730496679
        },
        "abe": {
            "total_transitions": 1855545.0,
            "total_samples": 839808,
            "average_sa": 0.27618622493025186,
            "variance_sa": 0.035924497572328504
        },
        "awr": {
            "total_transitions": 2037974.0,
            "total_samples": 746496,
            "average_sa": 0.3412571417089197,
            "variance_sa": 0.043188763468426775
        }
    },
    "features.module.3": {
        "baseline": {
            "total_transitions": 1958569.0,
            "total_samples": 2239488,
            "average_sa": 0.10932018136296393,
            "variance_sa": 0.025929501751300696
        },
        "bi": {
            "total_transitions": 1929968.0,
            "total_samples": 2239488,
            "average_sa": 0.1077237778116149,
            "variance_sa": 0.024480037503258178
        },
        "def": {
            "total_transitions": 1493572.0,
            "total_samples": 2239488,
            "average_sa": 0.08336574402977111,
            "variance_sa": 0.023661306638415775
        },
        "apbm": {
            "total_transitions": 1097545.0,
            "total_samples": 2239488,
            "average_sa": 0.061260960657507725,
            "variance_sa": 0.016906520552204353
        },
        "abe": {
            "total_transitions": 2839582.0,
            "total_samples": 2519424,
            "average_sa": 0.14088453983312846,
            "variance_sa": 0.02784810731522481
        },
        "awr": {
            "total_transitions": 2576076.0,
            "total_samples": 2239488,
            "average_sa": 0.143787170901193,
            "variance_sa": 0.04486944554341792
        }
    },
    "features.module.5": {
        "baseline": {
            "total_transitions": 980405.0,
            "total_samples": 519168,
            "average_sa": 0.2360524166597646,
            "variance_sa": 0.034627442962641
        },
        "bi": {
            "total_transitions": 954259.0,
            "total_samples": 519168,
            "average_sa": 0.22975723611092386,
            "variance_sa": 0.030477720710779463
        },
        "def": {
            "total_transitions": 688876.0,
            "total_samples": 519168,
            "average_sa": 0.16586088869284835,
            "variance_sa": 0.037858823471259115
        },
        "apbm": {
            "total_transitions": 635848.0,
            "total_samples": 519168,
            "average_sa": 0.1530933206463431,
            "variance_sa": 0.03204367964779737
        },
        "abe": {
            "total_transitions": 1088663.0,
            "total_samples": 584064,
            "average_sa": 0.23299348700397046,
            "variance_sa": 0.033296169774877975
        },
        "awr": {
            "total_transitions": 1185383.0,
            "total_samples": 519168,
            "average_sa": 0.2854050334478116,
            "variance_sa": 0.053350511549398516
        }
    },
    "features.module.6": {
        "baseline": {
            "total_transitions": 840284.0,
            "total_samples": 1038336,
            "average_sa": 0.10115762253993171,
            "variance_sa": 0.027389837853589637
        },
        "bi": {
            "total_transitions": 823579.0,
            "total_samples": 1038336,
            "average_sa": 0.09914659045491099,
            "variance_sa": 0.025530244957038775
        },
        "def": {
            "total_transitions": 739068.0,
            "total_samples": 1038336,
            "average_sa": 0.08897273038085012,
            "variance_sa": 0.028292031485850654
        },
        "apbm": {
            "total_transitions": 461421.0,
            "total_samples": 1038336,
            "average_sa": 0.05554818531591442,
            "variance_sa": 0.01719517012613287
        },
        "abe": {
            "total_transitions": 1239363.0,
            "total_samples": 1168128,
            "average_sa": 0.1326228868950037,
            "variance_sa": 0.028125363940430654
        },
        "awr": {
            "total_transitions": 1086613.0,
            "total_samples": 1038336,
            "average_sa": 0.13081194893748163,
            "variance_sa": 0.04598984320200086
        }
    },
    "features.module.8": {
        "baseline": {
            "total_transitions": 619703.0,
            "total_samples": 692224,
            "average_sa": 0.11190450909605719,
            "variance_sa": 0.03225763500339596
        },
        "bi": {
            "total_transitions": 600038.0,
            "total_samples": 692224,
            "average_sa": 0.10835344968312234,
            "variance_sa": 0.029044842261640884
        },
        "def": {
            "total_transitions": 532737.0,
            "total_samples": 692224,
            "average_sa": 0.09620039351480665,
            "variance_sa": 0.0321837428039993
        },
        "apbm": {
            "total_transitions": 340369.0,
            "total_samples": 692224,
            "average_sa": 0.061463032866576235,
            "variance_sa": 0.020419542179008127
        },
        "abe": {
            "total_transitions": 853634.0,
            "total_samples": 778752,
            "average_sa": 0.13701972774352777,
            "variance_sa": 0.029804223642631203
        },
        "awr": {
            "total_transitions": 777971.0,
            "total_samples": 692224,
            "average_sa": 0.14048417200815344,
            "variance_sa": 0.05180109285928177
        }
    },
    "features.module.10": {
        "baseline": {
            "total_transitions": 412136.0,
            "total_samples": 692224,
            "average_sa": 0.07442254880291467,
            "variance_sa": 0.02463788555612894
        },
        "bi": {
            "total_transitions": 397172.0,
            "total_samples": 692224,
            "average_sa": 0.07172038490486447,
            "variance_sa": 0.021992853330242777
        },