{
    "features.module.0": {
        "baseline": {
            "total_transitions": 3864506.0,
            "total_samples": 3097600,
            "average_sa": 0.15594763880024495,
            "variance_sa": 0.02931410199361752
        },
        "bi": {
            "total_transitions": 3803973.0,
            "total_samples": 3097600,
            "average_sa": 0.15350490008551784,
            "variance_sa": 0.027321932636656335
        },
        "def": {
            "total_transitions": 3230594.0,
            "total_samples": 3097600,
            "average_sa": 0.130366858331243,
            "variance_sa": 0.03025998360650603
        },
        "apbm": {
            "total_transitions": 5381061.0,
            "total_samples": 3097600,
            "average_sa": 0.21714644955657592,
            "variance_sa": 0.022043255679747523
        },
        "abe": {
            "total_transitions": 4884369.0,
            "total_samples": 3484800,
            "average_sa": 0.17520268026936417,
            "variance_sa": 0.03016405446825648
        },
        "awr": {
            "total_transitions": 4982853.0,
            "total_samples": 3097600,
            "average_sa": 0.20107722949290724,
            "variance_sa": 0.049859114623518816
        },
        "huffman": {
            "total_transitions": 4178512.0,
            "total_samples": 1086982,
            "average_sa": 0.4805180587333173,
            "variance_sa": 0.03284352203098866
        },
        "rle": {
            "total_transitions": 6192096.0,
            "total_samples": 2438701,
            "average_sa": 0.317387132488621,
            "variance_sa": 0.018631604772303887
        }
    },
    "features.module.2": {
        "baseline": {
            "total_transitions": 1666238.0,
            "total_samples": 746496,
            "average_sa": 0.27901024119384593,
            "variance_sa": 0.032256166105206416
        },
        "bi": {
            "total_transitions": 1604795.0,
            "total_samples": 746496,
            "average_sa": 0.26872165922075836,
            "variance_sa": 0.026316895942173617
        },
        "def": {
            "total_transitions": 1099650.0,
            "total_samples": 746496,
            "average_sa": 0.18413552669475347,
            "variance_sa": 0.035969324655576104
        },
        "apbm": {
            "total_transitions": 2033073.0,
            "total_samples": 746496,
            "average_sa": 0.3404364731177034,
            "variance_sa": 0.03189952265071625
        },
        "abe": {
            "total_transitions": 1855545.0,
            "total_samples": 839808,
            "average_sa": 0.27618622493025186,
            "variance_sa": 0.035924497572328504
        },
        "awr": {
            "total_transitions": 2037974.0,
            "total_samples": 746496,
            "average_sa": 0.3412571417089197,
            "variance_sa": 0.043188763468426775
        },
        "huffman": {
            "total_transitions": 1857329.0,
            "total_samples": 470927,
            "average_sa": 0.49299916547398104,
            "variance_sa": 0.03332615633596793
        },
        "rle": {
            "total_transitions": 2047810.0,
            "total_samples": 785162,
            "average_sa": 0.3260175301626036,
            "variance_sa": 0.023327188875548896
        }
    },
    "features.module.3": {
        "baseline": {
            "total_transitions": 1958569.0,
            "total_samples": 2239488,
            "average_sa": 0.10932018136296393,
            "variance_sa": 0.025929501751300696
        },
        "bi": {
            "total_transitions": 1929968.0,
            "total_samples": 2239488,
            "average_sa": 0.1077237778116149,
            "variance_sa": 0.024480037503258178
        },
        "def": {
            "total_transitions": 1493572.0,
            "total_samples": 2239488,
            "average_sa": 0.08336574402977111,
            "variance_sa": 0.023661306638415775
        },
        "apbm": {
            "total_transitions": 3335072.0,
            "total_samples": 2239488,
            "average_sa": 0.18615156060294166,
            "variance_sa": 0.016856449293790612
        },
        "abe": {
            "total_transitions": 2839582.0,
            "total_samples": 2519424,
            "average_sa": 0.14088453983312846,
            "variance_sa": 0.02784810731522481
        },
        "awr": {
            "total_transitions": 2576076.0,
            "total_samples": 2239488,
            "average_sa": 0.143787170901193,
            "variance_sa": 0.04486944554341792
        },
        "huffman": {
            "total_transitions": 2226607.0,
            "total_samples": 610786,
            "average_sa": 0.4556855112682859,
            "variance_sa": 0.03732764512296795
        },
        "rle": {
            "total_transitions": 3292720.0,
            "total_samples": 1231879,
            "average_sa": 0.33411587835808415,
            "variance_sa": 0.018993176983918978
        }
    },
    "features.module.5": {
        "baseline": {
            "total_transitions": 980405.0,
            "total_samples": 519168,
            "average_sa": 0.2360524166597646,
            "variance_sa": 0.034627442962641
        },
        "bi": {
            "total_transitions": 954259.0,
            "total_samples": 519168,
            "average_sa": 0.22975723611092386,
            "variance_sa": 0.030477720710779463
        },
        "def": {
            "total_transitions": 688876.0,
            "total_samples": 519168,
            "average_sa": 0.16586088869284835,
            "variance_sa": 0.037858823471259115
        },
        "apbm": {
            "total_transitions": 1153484.0,
            "total_samples": 519168,
            "average_sa": 0.2777247013003523,
            "variance_sa": 0.031979233234504606
        },
        "abe": {
            "total_transitions": 1088663.0,
            "total_samples": 584064,
            "average_sa": 0.23299348700397046,
            "variance_sa": 0.033296169774877975
        },
        "awr": {
            "total_transitions": 1185383.0,
            "total_samples": 519168,
            "average_sa": 0.2854050334478116,
            "variance_sa": 0.053350511549398516
        },
        "huffman": {
            "total_transitions": 1007798.0,
            "total_samples": 254359,
            "average_sa": 0.4952655312590915,
            "variance_sa": 0.03134847740593479
        },
        "rle": {
            "total_transitions": 1377891.0,
            "total_samples": 511468,
            "average_sa": 0.3367497316542416,
            "variance_sa": 0.020234858871932448
        }
    },
    "features.module.6": {
        "baseline": {
            "total_transitions": 840284.0,
            "total_samples": 1038336,
            "average_sa": 0.10115762253993171,
            "variance_sa": 0.027389837853589637
        },
        "bi": {
            "total_transitions": 823579.0,
            "total_samples": 1038336,
            "average_sa": 0.09914659045491099,
            "variance_sa": 0.025530244957038775
        },
        "def": {
            "total_transitions": 739068.0,
            "total_samples": 1038336,
            "average_sa": 0.08897273038085012,
            "variance_sa": 0.028292031485850654
        },
        "apbm": {
            "total_transitions": 1498597.0,
            "total_samples": 1038336,
            "average_sa": 0.1804086590551219,
            "variance_sa": 0.017133168698682442
        },
        "abe": {
            "total_transitions": 1239363.0,
            "total_samples": 1168128,
            "average_sa": 0.1326228868950037,
            "variance_sa": 0.028125363940430654
        },
        "awr": {
            "total_transitions": 1086613.0,
            "total_samples": 1038336,
            "average_sa": 0.13081194893748163,
            "variance_sa": 0.04598984320200086
        },
        "huffman": {
            "total_transitions": 940549.0,