{
    "module.conv1": {
        "baseline": {
            "bitwidth": 8,
            "resources": [
                0,
                0
            ],
            "bitwise_mean": [
                1.0,
                0.9953,
                0.83226,
                0.6644,
                0.6554,
                0.62744,
                0.63512,
                0.63838
            ],
            "bitwise_variance": [
                0.0,
                0.004677909999990986,
                0.13960329240011152,
                0.22297264000000447,
                0.22585083999997965,
                0.23375904640019712,
                0.23174258560000388,
                0.230850975599913
            ],
            "total_transitions": 128667.0,
            "total_transitions_per_line": [
                0.0,
                444.0,
                12941.0,
                21937.0,
                22488.0,
                23966.0,
                23514.0,
                23377.0
            ],
            "total_samples": 50000,
            "average_sa": 0.32167393347866957,
            "average_sa_per_line": [
                0.0,
                0.00888017760355207,
                0.2588251765035301,
                0.4387487749754995,
                0.4497689953799076,
                0.47932958659173186,
                0.4702894057881158,
                0.4675493509870197
            ]
        },
        "bi": {
            "bitwidth": 9,
            "resources": [
                0,
                0
            ],
            "bitwise_mean": [
                0.81082,
                0.80844,
                0.71516,
                0.60578,
                0.60242,
                0.58362,
                0.58446,
                0.58804
            ],
            "bitwise_variance": [
                0.15339092759995054,
                0.1548647663999468,
                0.2037061744000867,
                0.23881059160017573,
                0.2395101435998589,
                0.24300769559998203,
                0.24286650839982213,
                0.24224895840010374
            ],
            "total_transitions": 122347.0,
            "total_transitions_per_line": [
                4500.0,
                4746.0,
                12211.0,
                19499.0,
                19572.0,
                20922.0,
                20512.0,
                20385.0
            ],
            "total_samples": 50000,
            "average_sa": 0.3058736174723494,
            "average_sa_per_line": [
                0.09000180003600072,
                0.09492189843796876,
                0.24422488449768995,
                0.3899877997559951,
                0.39144782895657915,
                0.41844836896737936,
                0.4102482049640993,
                0.40770815416308326
            ]
        },
        "dsam": {
            "bitwidth": 8,
            "resources": [
                512,
                0
            ],
            "bitwise_mean": [
                0.50342,
                0.71762,
                0.28482,
                0.45288,
                0.43654,
                0.50966,
                0.49558,
                0.5001
            ],
            "bitwise_variance": [
                0.24998830359983057,
                0.20264153560001097,
                0.2036975675997989,
                0.24777970560008375,
                0.24597282840001336,
                0.24990668439998273,
                0.24998046359999268,
                0.2499999899999486
            ],
            "total_transitions": 53347.0,
            "total_transitions_per_line": [
                14837.0,
                64.0,
                85.0,
                170.0,
                1017.0,
                5593.0,
                13432.0,
                18149.0
            ],
            "total_samples": 50000,
            "average_sa": 0.13337016740334806,
            "average_sa_per_line": [
                0.2967459349186984,
                0.0012800256005120103,
                0.0017000340006800136,
                0.003400068001360027,
                0.020340406808136164,
                0.1118622372447449,
                0.26864537290745816,
                0.3629872597451949
            ]
        },
        "dsam_rle": {
            "bitwidth": 8,
            "resources": [
                512,
                0
            ],
            "bitwise_mean": [
                0.503429382711112,
                0.7174908516467036,
                0.2847687416265072,
                0.45279849627067126,
                0.43646143694135053,
                0.5095882741106601,
                0.4956107900577896,
                0.500349937011338
            ],
            "bitwise_variance": [
                0.2499882393343555,
                0.2026977294499213,
                0.20367550541889726,
                0.24777201804554372,
                0.24596285100435686,
                0.2499080649992958,
                0.24998073483624716,
                0.24999987754393208
            ],
            "total_transitions": 53399.0,
            "total_transitions_per_line": [
                14863.0,
                64.0,
                85.0,
                170.0,
                1017.0,
                5593.0,
                13438.0,
                18169.0
            ],
            "total_samples": 50009,
            "average_sa": 0.13347614381698927,
            "average_sa_per_line": [
                0.2972124460086386,
                0.0012797952327627579,
                0.001699728043513038,
                0.003399456087026076,
                0.0203367461206207,
                0.1118421052631579,
                0.2687170052791553,
                0.3633218685010398
            ]
        },
        "dsam_bi": {
            "bitwidth": 9,
            "resources": [
                512,
                0
            ],
            "bitwise_mean": [
                0.5019,
                0.68478,
                0.31874,
                0.45376,
                0.44242,
                0.51422,
                0.49714,
                0.50014
            ],
            "bitwise_variance": [
                0.24999639000001925,
                0.2158563515998909,
                0.21714481239990605,
                0.24786186239997893,
                0.24668454360004194,
                0.24979779159996965,
                0.24999182039994594,
                0.2499999803998956
            ],
            "total_transitions": 53033.0,
            "total_transitions_per_line": [
                14733.0,
                66.0,
                89.0,
                182.0,
                963.0,
                5539.0,
                13368.0,
                18093.0
            ],
            "total_samples": 50000,
            "average_sa": 0.13258515170303406,
            "average_sa_per_line": [
                0.29466589331786636,
                0.0013200264005280105,
                0.0017800356007120143,
                0.003640072801456029,
                0.019260385207704154,
                0.11078221564431288,
                0.26736534730694617,
                0.3618672373447469
            ]
        },
        "apbm": {
            "bitwidth": 8,
            "resources": [
                2048,
                0
            ],
            "bitwise_mean": [
                0.5,
                0.49994,
                0.49994,
                0.5012,
                0.49922,
                0.49968,
                0.5004,
                0.50192
            ],
            "bitwise_variance": [
                0.25,
                0.24999999640000334,
                0.24999999640000334,
                0.24999856000000895,
                0.2499993916000568,
                0.24999989760000896,
                0.2499998399997946,
                0.2499963135997525
            ],