{
    "module.conv1.0": {
        "baseline": {
            "bitwidth": 8,
            "resources": [
                0,
                0
            ],
            "bitwise_mean": [
                0.99914,
                0.9408,
                0.76592,
                0.62192,
                0.60046,
                0.58294,
                0.57094,
                0.5753
            ],
            "bitwise_variance": [
                0.0008592603999999544,
                0.055695359999978884,
                0.17928655360000872,
                0.23513551360004697,
                0.2399077884000743,
                0.24312095639988457,
                0.24496751639994135,
                0.24432991000010207
            ],
            "total_transitions": 151132.0,
            "total_transitions_per_line": [
                86.0,
                5673.0,
                19489.0,
                25468.0,
                25971.0,
                25265.0,
                24672.0,
                24508.0
            ],
            "total_samples": 50000,
            "average_sa": 0.377837556751135,
            "average_sa_per_line": [
                0.0017200344006880139,
                0.11346226924538491,
                0.3897877957559151,
                0.5093701874037481,
                0.5194303886077721,
                0.505310106202124,
                0.49344986899737997,
                0.4901698033960679
            ]
        },
        "bi": {
            "bitwidth": 9,
            "resources": [
                0,
                0
            ],
            "bitwise_mean": [
                0.77972,
                0.75962,
                0.66906,
                0.58694,
                0.56088,
                0.558,
                0.55408,
                0.55932
            ],
            "bitwise_variance": [
                0.17175672160011043,
                0.18259745559993149,
                0.22141871640005253,
                0.24244143639987564,
                0.24629362559986023,
                0.24663599999981337,
                0.2470753536000539,
                0.24648113760022874
            ],
            "total_transitions": 137626.0,
            "total_transitions_per_line": [
                8361.0,
                9720.0,
                17196.0,
                20947.0,
                21416.0,
                20432.0,
                19849.0,
                19705.0
            ],
            "total_samples": 50000,
            "average_sa": 0.34407188143762873,
            "average_sa_per_line": [
                0.16722334446688933,
                0.19440388807776154,
                0.34392687853757076,
                0.41894837896757936,
                0.42832856657133145,
                0.4086481729634593,
                0.39698793975879515,
                0.39410788215764314
            ]
        },
        "dsam": {
            "bitwidth": 8,
            "resources": [
                192,
                0
            ],
            "bitwise_mean": [
                0.49796,
                0.42054,
                0.45116,
                0.506,
                0.49248,
                0.50198,
                0.50354,
                0.49872
            ],
            "bitwise_variance": [
                0.24999583839981282,
                0.24368610840018817,
                0.24761465439982117,
                0.24996400000011318,
                0.24994344960008225,
                0.24999607959978914,
                0.24998746840002653,
                0.249998361599963
            ],
            "total_transitions": 76918.0,
            "total_transitions_per_line": [
                19032.0,
                209.0,
                324.0,
                977.0,
                4660.0,
                11993.0,
                18027.0,
                21696.0
            ],
            "total_samples": 50000,
            "average_sa": 0.19229884597691954,
            "average_sa_per_line": [
                0.380647612952259,
                0.004180083601672034,
                0.006480129602592052,
                0.019540390807816155,
                0.09320186403728074,
                0.23986479729594593,
                0.3605472109442189,
                0.4339286785735715
            ]
        },
        "dsam_rle": {
            "bitwidth": 8,
            "resources": [
                192,
                0
            ],
            "bitwise_mean": [
                0.49815982652634927,
                0.41830624465355004,
                0.44876360236337953,
                0.5033123122525712,
                0.4898641255694591,
                0.49943302763244274,
                0.5024966677939802,
                0.5023375176557184
            ],
            "bitwise_variance": [
                0.24999661376173749,
                0.24332613033721898,
                0.24737483155707532,
                0.2499890285876482,
                0.249897264049428,
                0.2499996785425067,
                0.24999376664997577,
                0.24999453601122842
            ],
            "total_transitions": 77682.0,
            "total_transitions_per_line": [
                19422.0,
                209.0,
                324.0,
                977.0,
                4660.0,
                12001.0,
                18109.0,
                21980.0
            ],
            "total_samples": 50267,
            "average_sa": 0.1931772967811244,
            "average_sa_per_line": [
                0.38638443480682766,
                0.004157880077985119,
                0.0064457088290295625,
                0.01943659730235149,
                0.09270679982493137,
                0.2387498507937771,
                0.3602633987188159,
                0.43727370389527714
            ]
        },
        "dsam_bi": {
            "bitwidth": 9,
            "resources": [
                192,
                0
            ],
            "bitwise_mean": [
                0.49826,
                0.42708,
                0.4685,
                0.50306,
                0.48542,
                0.5014,
                0.50408,
                0.49722
            ],
            "bitwise_variance": [
                0.24999697240019314,
                0.24468267359993032,
                0.24900775000017641,
                0.2499906363999364,
                0.24978742359991765,
                0.24999804000012607,
                0.24998335360022567,
                0.2499922715997638
            ],
            "total_transitions": 76156.0,
            "total_transitions_per_line": [
                18721.0,
                514.0,
                545.0,
                1014.0,
                4491.0,
                11726.0,
                17768.0,
                21377.0
            ],
            "total_samples": 50000,
            "average_sa": 0.19039380787615753,
            "average_sa_per_line": [
                0.374427488549771,
                0.010280205604112082,
                0.010900218004360087,
                0.020280405608112163,
                0.08982179643592872,
                0.2345246904938099,
                0.3553671073421468,
                0.4275485509710194
            ]
        },
        "apbm": {
            "bitwidth": 8,
            "resources": [
                2048,
                0
            ],
            "bitwise_mean": [
                0.5,
                0.49938,
                0.50136,
                0.50002,
                0.49652,
                0.49876,
                0.4995,
                0.50208
            ],