{
    "module.features.0": {
        "baseline": {
            "bitwidth": 8,
            "resources": [
                0,
                0
            ],
            "bitwise_mean": [
                0.99992,
                0.99866,
                0.9758,
                0.94056,
                0.89534,
                0.87154,
                0.82494,
                0.79848
            ],
            "bitwise_variance": [
                7.999360000002428e-05,
                0.001338204399999643,
                0.023614360000025605,
                0.055906886400033474,
                0.09370628440000556,
                0.11195802839991989,
                0.1444139963999485,
                0.16090968959992796
            ],
            "total_transitions": 60534.0,
            "total_transitions_per_line": [
                8.0,
                134.0,
                2412.0,
                4838.0,
                9968.0,
                11434.0,
                15370.0,
                16370.0
            ],
            "total_samples": 50000,
            "average_sa": 0.1513380267605352,
            "average_sa_per_line": [
                0.0001600032000640013,
                0.0026800536010720215,
                0.048240964819296385,
                0.09676193523870477,
                0.1993639872797456,
                0.22868457369147382,
                0.30740614812296246,
                0.3274065481309626
            ]
        },
        "bi": {
            "bitwidth": 9,
            "resources": [
                0,
                0
            ],
            "bitwise_mean": [
                0.96164,
                0.96082,
                0.94076,
                0.91416,
                0.8681,
                0.85014,
                0.80178,
                0.78052
            ],
            "bitwise_variance": [
                0.036888510399968245,
                0.037644927599976105,
                0.055730622400028094,
                0.07847149439998044,
                0.11450239000008791,
                0.1274019803999841,
                0.15892883160004903,
                0.17130852960004514
            ],
            "total_transitions": 59786.0,
            "total_transitions_per_line": [
                485.0,
                547.0,
                2561.0,
                4549.0,
                9657.0,
                11093.0,
                14961.0,
                15933.0
            ],
            "total_samples": 50000,
            "average_sa": 0.1494679893597872,
            "average_sa_per_line": [
                0.009700194003880077,
                0.010940218804376088,
                0.05122102442048841,
                0.09098181963639272,
                0.19314386287725754,
                0.22186443728874577,
                0.2992259845196904,
                0.31866637332746656
            ]
        },
        "dsam": {
            "bitwidth": 8,
            "resources": [
                768,
                0
            ],
            "bitwise_mean": [
                0.49028,
                0.00598,
                0.9184,
                0.52246,
                0.6562,
                0.44848,
                0.4504,
                0.48196
            ],
            "bitwise_variance": [
                0.2499055216001037,
                0.005944239599999926,
                0.07494143999999765,
                0.24949554840010613,
                0.2256015599999375,
                0.2473456896002983,
                0.24753983999987686,
                0.249674558399803
            ],
            "total_transitions": 15263.0,
            "total_transitions_per_line": [
                4130.0,
                109.0,
                154.0,
                318.0,
                684.0,
                1158.0,
                1693.0,
                7017.0
            ],
            "total_samples": 50000,
            "average_sa": 0.03815826316526331,
            "average_sa_per_line": [
                0.08260165203304067,
                0.0021800436008720175,
                0.0030800616012320245,
                0.006360127202544051,
                0.01368027360547211,
                0.023160463209264185,
                0.03386067721354427,
                0.14034280685613712
            ]
        },
        "dsam_rle": {
            "bitwidth": 8,
            "resources": [
                768,
                0
            ],
            "bitwise_mean": [
                0.4909903561577644,
                0.006019851416376412,
                0.9245203245485112,
                0.5259820008455979,
                0.6610964585556384,
                0.4522941875213916,
                0.45458938170689966,
                0.4868831665626447
            ],
            "bitwise_variance": [
                0.24991882631775034,
                0.0059836128053007915,
                0.06978249404523862,
                0.2493249356319096,
                0.22404793104074547,
                0.24772415545563034,
                0.2479378757462712,
                0.24982794868043517
            ],
            "total_transitions": 15671.0,
            "total_transitions_per_line": [
                4276.0,
                109.0,
                154.0,
                322.0,
                736.0,
                1238.0,
                1793.0,
                7043.0
            ],
            "total_samples": 49669,
            "average_sa": 0.03943937746637674,
            "average_sa_per_line": [
                0.08609164854634775,
                0.0021945719577997906,
                0.003100587903680438,
                0.006483047434968189,
                0.014818394137070146,
                0.024925505355560925,
                0.03609970202142224,
                0.14180156237416444
            ]
        },
        "dsam_bi": {
            "bitwidth": 9,
            "resources": [
                768,
                0
            ],
            "bitwise_mean": [
                0.50144,
                0.30186,
                0.62792,
                0.23286,
                0.52876,
                0.32092,
                0.46712,
                0.4936
            ],
            "bitwise_variance": [
                0.2499979264001469,
                0.2107405403996769,
                0.23363647360022974,
                0.17863622039994131,
                0.24917286239998687,
                0.2179303536000868,
                0.24891890559981267,
                0.24995903999998073
            ],
            "total_transitions": 14503.0,
            "total_transitions_per_line": [
                3971.0,
                94.0,
                109.0,
                241.0,
                569.0,
                1025.0,
                1592.0,
                6902.0
            ],
            "total_samples": 50000,
            "average_sa": 0.03625822516450329,
            "average_sa_per_line": [
                0.07942158843176864,
                0.001880037600752015,
                0.0021800436008720175,
                0.004820096401928039,
                0.01138022760455209,
                0.020500410008200163,
                0.03184063681273625,
                0.1380427608552171
            ]
        },
        "apbm": {
            "bitwidth": 8,
            "resources": [
                2048,
                0
            ],
            "bitwise_mean": [
                0.5,
                0.49994,
                0.50018,
                0.4995,
                0.4993,
                0.50122,
                0.50046,
                0.50028
            ],