{
    "features.module.0": {
        "baseline": {
            "bitwidth": 8,
            "resources": [
                0,
                0
            ],
            "bitwise_mean": [
                0.9986,
                0.98154,
                0.97402,
                0.92996,
                0.87844,
                0.80752,
                0.7703,
                0.7548
            ],
            "bitwise_variance": [
                0.0013980400000039128,
                0.018119228400007837,
                0.025305039599946177,
                0.06513439840003983,
                0.10678316640006105,
                0.1554314495999434,
                0.1769379100000178,
                0.18507695999997686
            ],
            "total_transitions": 71528.0,
            "total_transitions_per_line": [
                140.0,
                1378.0,
                2198.0,
                6200.0,
                10367.0,
                15346.0,
                17693.0,
                18206.0
            ],
            "total_samples": 50000,
            "average_sa": 0.17882357647152944,
            "average_sa_per_line": [
                0.0028000560011200225,
                0.02756055121102422,
                0.043960879217584355,
                0.12400248004960099,
                0.20734414688293765,
                0.30692613852277045,
                0.3538670773415468,
                0.3641272825456509
            ]
        },
        "bi": {
            "bitwidth": 9,
            "resources": [
                0,
                0
            ],
            "bitwise_mean": [
                0.9082,
                0.90202,
                0.89618,
                0.8652,
                0.8146,
                0.75756,
                0.72342,
                0.70964
            ],
            "bitwise_variance": [
                0.08337275999995988,
                0.08837991960002721,
                0.09304140760008679,
                0.11662896000013459,
                0.15102683999980743,
                0.18366284640002506,
                0.20008350360004565,
                0.2060510703999834
            ],
            "total_transitions": 69516.0,
            "total_transitions_per_line": [
                1094.0,
                1516.0,
                2106.0,
                5680.0,
                9833.0,
                14670.0,
                17033.0,
                17584.0
            ],
            "total_samples": 50000,
            "average_sa": 0.17379347586951738,
            "average_sa_per_line": [
                0.021880437608752176,
                0.03032060641212824,
                0.04212084241684834,
                0.1136022720454409,
                0.19666393327866558,
                0.29340586811736236,
                0.34066681333626675,
                0.35168703374067484
            ]
        },
        "dsam": {
            "bitwidth": 8,
            "resources": [
                512,
                0
            ],
            "bitwise_mean": [
                0.51664,
                0.00812,
                0.3324,
                0.48574,
                0.42404,
                0.51628,
                0.50862,
                0.5265
            ],
            "bitwise_variance": [
                0.24972311040009545,
                0.008054065600002809,
                0.22191023999991838,
                0.2497966523999164,
                0.24423007839982672,
                0.2497349615998032,
                0.24992569559996944,
                0.2492977499999163
            ],
            "total_transitions": 33435.0,
            "total_transitions_per_line": [
                9112.0,
                87.0,
                163.0,
                386.0,
                1336.0,
                3273.0,
                7116.0,
                11962.0
            ],
            "total_samples": 50000,
            "average_sa": 0.08358917178343567,
            "average_sa_per_line": [
                0.18224364487289746,
                0.001740034800696014,
                0.003260065201304026,
                0.007720154403088062,
                0.026720534410688213,
                0.06546130922618452,
                0.14232284645692914,
                0.23924478489569792
            ]
        },
        "dsam_rle": {
            "bitwidth": 8,
            "resources": [
                512,
                0
            ],
            "bitwise_mean": [
                0.5174380082321052,
                0.008151791988756148,
                0.33370143559883547,
                0.4876819596426062,
                0.4260014054813774,
                0.5196867784359,
                0.5138439915671117,
                0.5338821403473547
            ],
            "bitwise_variance": [
                0.2496959158689307,
                0.008085340276131243,
                0.22234478747805608,
                0.2498482658816336,
                0.24452420800921937,
                0.24961243075488904,
                0.24980834389733167,
                0.2488520005655398
            ],
            "total_transitions": 34367.0,
            "total_transitions_per_line": [
                9514.0,
                87.0,
                163.0,
                390.0,
                1364.0,
                3379.0,
                7332.0,
                12138.0
            ],
            "total_samples": 49805,
            "average_sa": 0.08625562203839049,
            "average_sa_per_line": [
                0.1910288330254598,
                0.0017468476427596176,
                0.0032728294916070997,
                0.007830696329612079,
                0.02738735844510481,
                0.06784595614810056,
                0.1472170909967071,
                0.24371536422777287
            ]
        },
        "dsam_bi": {
            "bitwidth": 9,
            "resources": [
                512,
                0
            ],
            "bitwise_mean": [
                0.51962,
                0.04262,
                0.35614,
                0.49664,
                0.40842,
                0.51122,
                0.50352,
                0.52688
            ],
            "bitwise_variance": [
                0.24961505559980285,
                0.04080353560000402,
                0.22930430040013475,
                0.24998871040017218,
                0.2416131036000606,
                0.2498741116000779,
                0.2499876096000499,
                0.24927746559999928
            ],
            "total_transitions": 32837.0,
            "total_transitions_per_line": [
                8975.0,
                126.0,
                154.0,
                317.0,
                1247.0,
                3170.0,
                7015.0,
                11833.0
            ],
            "total_samples": 50000,
            "average_sa": 0.08209414188283766,
            "average_sa_per_line": [
                0.17950359007180144,
                0.00252005040100802,
                0.0030800616012320245,
                0.00634012680253605,
                0.0249404988099762,
                0.0634012680253605,
                0.1403028060561211,
                0.2366647332946659
            ]
        },
        "apbm": {
            "bitwidth": 8,
            "resources": [
                2048,
                0
            ],
            "bitwise_mean": [
                0.50002,
                0.49988,
                0.4989,
                0.5002,
                0.50064,
                0.49978,
                0.49896,
                0.50038
            ],