{
    "data": {
        "baseline": {
            "total_transitions": 15042806.0,
            "total_samples": 4946784,
            "average_sa": 0.3801158753072451,
            "variance_sa": 0.054196551330251405
        },
        "def": {
            "total_transitions": 8583626.0,
            "total_samples": 4946784,
            "average_sa": 0.21689919489090181,
            "variance_sa": 0.022308972855575735
        },
        "apbm": {
            "total_transitions": 14693407.0,
            "total_samples": 4946784,
            "average_sa": 0.37128693031410515,
            "variance_sa": 0.024796750335374887
        }
    },
    "conv1": {
        "baseline": {
            "total_transitions": 3723632.0,
            "total_samples": 9292800,
            "average_sa": 0.050087600086906,
            "variance_sa": 0.008741442022920043
        },
        "def": {
            "total_transitions": 2962239.0,
            "total_samples": 9292800,
            "average_sa": 0.03984589304040688,
            "variance_sa": 0.008985974202254323
        },
        "apbm": {
            "total_transitions": 2088586.0,
            "total_samples": 9292800,
            "average_sa": 0.028094145800420304,
            "variance_sa": 0.005289394110419311
        }
    },
    "pool1": {
        "baseline": {
            "total_transitions": 1912256.0,
            "total_samples": 2239488,
            "average_sa": 0.10673515854300561,
            "variance_sa": 0.01574187540858611
        },
        "def": {
            "total_transitions": 1321581.0,
            "total_samples": 2239488,
            "average_sa": 0.07376583342524426,
            "variance_sa": 0.014521411661243856
        },
        "apbm": {
            "total_transitions": 1347262.0,
            "total_samples": 2239488,
            "average_sa": 0.0751992532218316,
            "variance_sa": 0.011716963734654884
        }
    },
    "norm1": {
        "baseline": {
            "total_transitions": 1978698.0,
            "total_samples": 2239488,
            "average_sa": 0.11044370876008658,
            "variance_sa": 0.01631919521992282
        },
        "def": {
            "total_transitions": 1366255.0,
            "total_samples": 2239488,
            "average_sa": 0.07625937324038942,
            "variance_sa": 0.01501743898342856
        },
        "apbm": {
            "total_transitions": 1396549.0,
            "total_samples": 2239488,
            "average_sa": 0.07795027387968763,
            "variance_sa": 0.012223851263905315
        }
    },
    "conv2": {
        "baseline": {
            "total_transitions": 5697355.0,
            "total_samples": 5971968,
            "average_sa": 0.11925206133925388,
            "variance_sa": 0.01642653494795968
        },
        "def": {
            "total_transitions": 3855724.0,
            "total_samples": 5971968,
            "average_sa": 0.08070464890378665,
            "variance_sa": 0.015145787566937649
        },
        "apbm": {
            "total_transitions": 3504916.0,
            "total_samples": 5971968,
            "average_sa": 0.0733618420865353,
            "variance_sa": 0.011979839638293133
        }
    },
    "pool2": {
        "baseline": {
            "total_transitions": 2153579.0,
            "total_samples": 1384448,
            "average_sa": 0.19444397293648655,
            "variance_sa": 0.019131458102713064
        },
        "def": {
            "total_transitions": 1422053.0,
            "total_samples": 1384448,
            "average_sa": 0.12839539902935973,
            "variance_sa": 0.021180845368593198
        },
        "apbm": {
            "total_transitions": 1525807.0,
            "total_samples": 1384448,
            "average_sa": 0.1377632188158882,
            "variance_sa": 0.017256690883452573
        }
    },
    "norm2": {
        "baseline": {
            "total_transitions": 2217254.0,
            "total_samples": 1384448,
            "average_sa": 0.20019310959538358,
            "variance_sa": 0.019768567971290826
        },
        "def": {
            "total_transitions": 1466444.0,
            "total_samples": 1384448,
            "average_sa": 0.1324034072810299,
            "variance_sa": 0.021887016784786398
        },
        "apbm": {
            "total_transitions": 1574330.0,
            "total_samples": 1384448,
            "average_sa": 0.14214430021517616,
            "variance_sa": 0.018025673232908313
        }
    },
    "conv3": {
        "baseline": {
            "total_transitions": 1723512.0,
            "total_samples": 2076672,
            "average_sa": 0.1037424801521281,
            "variance_sa": 0.0190929882819694
        },
        "def": {
            "total_transitions": 1359254.0,
            "total_samples": 2076672,
            "average_sa": 0.08181688384919904,
            "variance_sa": 0.01859948406370346
        },
        "apbm": {
            "total_transitions": 969103.0,
            "total_samples": 2076672,
            "average_sa": 0.058332723382760195,
            "variance_sa": 0.012884275348117065
        }
    },
    "conv4": {
        "baseline": {
            "total_transitions": 3081988.0,
            "total_samples": 2076672,
            "average_sa": 0.185512534243508,
            "variance_sa": 0.025273553539048768
        },
        "def": {
            "total_transitions": 2408699.0,
            "total_samples": 2076672,
            "average_sa": 0.14498559232540928,
            "variance_sa": 0.02550847749543493
        },
        "apbm": {
            "total_transitions": 1984932.0,
            "total_samples": 2076672,
            "average_sa": 0.11947800108924331,
            "variance_sa": 0.021862020533219173
        }
    },
    "conv5": {
        "baseline": {
            "total_transitions": 596300.0,
            "total_samples": 1384448,
            "average_sa": 0.05383918633216006,
            "variance_sa": 0.013304156207327998
        },
        "def": {
            "total_transitions": 449871.0,
            "total_samples": 1384448,
            "average_sa": 0.04061829380250743,
            "variance_sa": 0.011270757615565292
        },
        "apbm": {
            "total_transitions": 320542.0,
            "total_samples": 1384448,
            "average_sa": 0.02894133903284127,
            "variance_sa": 0.007734187847542639
        }
    },
    "pool5": {
        "baseline": {
            "total_transitions": 284284.0,
            "total_samples": 294912,
            "average_sa": 0.12049567496634578,
            "variance_sa": 0.0241062165949504
        },
        "def": {
            "total_transitions": 213096.0,
            "total_samples": 294912,
            "average_sa": 0.09032216499215018,
            "variance_sa": 0.02254481348984641
        },
        "apbm": {
            "total_transitions": 165691.0,
            "total_samples": 294912,
            "average_sa": 0.07022923865166102,
            "variance_sa": 0.016832312213925404
        }
    },
    "fc6": {
        "baseline": {
            "total_transitions": 169702.0,
            "total_samples": 131072,
            "average_sa": 0.16184167359675292,
            "variance_sa": 0.034641190945445446
        },
        "def": {
            "total_transitions": 168559.0,
            "total_samples": 131072,
            "average_sa": 0.16075161553661757,
            "variance_sa": 0.04095751866999877
        },
        "apbm": {
            "total_transitions": 98408.0,
            "total_samples": 131072,
            "average_sa": 0.09384989814680593,
            "variance_sa": 0.025514481867813174
        }
    },
    "fc7": {
        "baseline": {
            "total_transitions": 235418.0,
            "total_samples": 131072,
            "average_sa": 0.2245138131241846,
            "variance_sa": 0.03598041056176682
        },
        "def": {
            "total_transitions": 229830.0,
            "total_samples": 131072,