{
    "features.module.0": {
        "baseline": {
            "bitwidth": 8,
            "resources": 0.0,
            "total_transitions": 1547386.0,
            "total_samples": 1199994,
            "average_sa": 0.1611876535432021
        },
        "deaf": {
            "bitwidth": 8,
            "resources": 511.99999999999994,
            "total_transitions": 1311822.0,
            "total_samples": 1199994,
            "average_sa": 0.13664949149491495
        },
        "huffman": {
            "bitwidth": 8,
            "resources": 3219.0,
            "total_transitions": 1690150.0,
            "total_samples": 435036,
            "average_sa": 0.4853426601806773
        },
        "rle": {
            "bitwidth": 8,
            "resources": 0.0,
            "total_transitions": 2468109.0,
            "total_samples": 979935,
            "average_sa": 0.31473447704734825
        },
        "deaf_rle": {
            "bitwidth": 8,
            "resources": 511.99999999999994,
            "total_transitions": 1645178.0,
            "total_samples": 1091082,
            "average_sa": 0.1881887533992303
        },
        "deaf_huffman": {
            "bitwidth": 8,
            "resources": 3422.333333333333,
            "total_transitions": 2094877.0,
            "total_samples": 537305,
            "average_sa": 0.4866201503104685
        }
    },
    "features.module.2": {
        "baseline": {
            "bitwidth": 8,
            "resources": 0.0,
            "total_transitions": 2929416.0,
            "total_samples": 1199994,
            "average_sa": 0.30515055150551507
        },
        "deaf": {
            "bitwidth": 8,
            "resources": 511.99999999999994,
            "total_transitions": 1993573.0,
            "total_samples": 1199994,
            "average_sa": 0.20766593082597495
        },
        "huffman": {
            "bitwidth": 8,
            "resources": 3219.0,
            "total_transitions": 3385776.0,
            "total_samples": 852259,
            "average_sa": 0.49663086499257614
        },
        "rle": {
            "bitwidth": 8,
            "resources": 0.0,
            "total_transitions": 3457058.0,
            "total_samples": 1286638,
            "average_sa": 0.3357570440049064
        },
        "deaf_rle": {
            "bitwidth": 8,
            "resources": 511.99999999999994,
            "total_transitions": 2267444.0,
            "total_samples": 1259066,
            "average_sa": 0.22477813458631446
        },
        "deaf_huffman": {
            "bitwidth": 8,
            "resources": 3320.9999999999995,
            "total_transitions": 2892866.0,
            "total_samples": 734037,
            "average_sa": 0.4923878828627911
        }
    },
    "features.module.3": {
        "baseline": {
            "bitwidth": 8,
            "resources": 0.0,
            "total_transitions": 1003228.0,
            "total_samples": 1199994,
            "average_sa": 0.10450396170628373
        },
        "deaf": {
            "bitwidth": 8,
            "resources": 1536.0,
            "total_transitions": 796648.0,
            "total_samples": 1199994,
            "average_sa": 0.08298499651663183
        },
        "huffman": {
            "bitwidth": 8,
            "resources": 3219.0,
            "total_transitions": 1142286.0,
            "total_samples": 317003,
            "average_sa": 0.449323047271151
        },
        "rle": {
            "bitwidth": 8,
            "resources": 0.0,
            "total_transitions": 1678239.0,
            "total_samples": 608446,
            "average_sa": 0.3460617411955175
        },
        "deaf_rle": {
            "bitwidth": 8,
            "resources": 1536.0,
            "total_transitions": 1124355.0,
            "total_samples": 752465,
            "average_sa": 0.18697280709124756
        },
        "deaf_huffman": {
            "bitwidth": 8,
            "resources": 4337.833333333333,
            "total_transitions": 1457895.0,
            "total_samples": 384883,
            "average_sa": 0.4729066572466216
        }
    },
    "features.module.5": {
        "baseline": {
            "bitwidth": 8,
            "resources": 0.0,
            "total_transitions": 2298554.0,
            "total_samples": 1199994,
            "average_sa": 0.2394351026843602
        },
        "deaf": {
            "bitwidth": 8,
            "resources": 1536.0,
            "total_transitions": 1624370.0,
            "total_samples": 1199994,
            "average_sa": 0.16920690040233735
        },
        "huffman": {
            "bitwidth": 8,
            "resources": 3219.0,
            "total_transitions": 2365365.0,
            "total_samples": 591524,
            "average_sa": 0.4998488562795282
        },
        "rle": {
            "bitwidth": 8,
            "resources": 0.0,
            "total_transitions": 3221638.0,
            "total_samples": 1174282,
            "average_sa": 0.34303841837143606
        },
        "deaf_rle": {
            "bitwidth": 8,
            "resources": 1536.0,
            "total_transitions": 1968738.0,
            "total_samples": 1166636,
            "average_sa": 0.21094116894526782
        },
        "deaf_huffman": {
            "bitwidth": 8,
            "resources": 4314.666666666667,
            "total_transitions": 2493726.0,
            "total_samples": 627814,
            "average_sa": 0.49650780967519204
        }
    },
    "features.module.6": {
        "baseline": {
            "bitwidth": 8,
            "resources": 0.0,
            "total_transitions": 965091.0,
            "total_samples": 1199994,
            "average_sa": 0.10053131781317813
        },
        "deaf": {
            "bitwidth": 8,
            "resources": 3072.0,
            "total_transitions": 854076.0,
            "total_samples": 1199994,
            "average_sa": 0.08896713967139672
        },
        "huffman": {
            "bitwidth": 8,
            "resources": 3219.0,
            "total_transitions": 1090203.0,
            "total_samples": 306344,
            "average_sa": 0.4446481519599954
        },
        "rle": {
            "bitwidth": 8,
            "resources": 0.0,
            "total_transitions": 1590505.0,
            "total_samples": 545571,
            "average_sa": 0.3645404262150507
        },
        "deaf_rle": {
            "bitwidth": 8,
            "resources": 3072.0,
            "total_transitions": 1180201.0,
            "total_samples": 734814,
            "average_sa": 0.20065967397923645
        },
        "deaf_huffman": {
            "bitwidth": 8,
            "resources": 5751.666666666667,
            "total_transitions": 1527990.0,
            "total_samples": 400309,
            "average_sa": 0.4767767793945443
        }
    },
    "features.module.8": {
        "baseline": {
            "bitwidth": 8,
            "resources": 0.0,
            "total_transitions": 1110699.0,
            "total_samples": 1199994,
            "average_sa": 0.1156989694896949
        },
        "deaf": {
            "bitwidth": 8,
            "resources": 2047.9999999999998,
            "total_transitions": 968970.0,
            "total_samples": 1199994,
            "average_sa": 0.10093538435384355
        },
        "huffman": {
            "bitwidth": 8,
            "resources": 3219.0,
            "total_transitions": 1211651.0,
            "total_samples": 331777,
            "average_sa": 0.45641528836397904
        },
        "rle": {
            "bitwidth": 8,
            "resources": 0.0,
            "total_transitions": 1765927.0,
            "total_samples": 587239,
            "average_sa": 0.37599635204751775
        },
        "deaf_rle": {
            "bitwidth": 8,
            "resources": 2047.9999999999998,
            "total_transitions": 1302452.0,
            "total_samples": 779678,
            "average_sa": 0.20878002172284454
        },
        "deaf_huffman": {
            "bitwidth": 8,